/*
Navicat MySQL Data Transfer

Source Server         : happiness
Source Server Version : 80018
Source Host           : localhost:3306
Source Database       : happiness

Target Server Type    : MYSQL
Target Server Version : 80018
File Encoding         : 65001

Date: 2020-01-05 11:43:07
*/

SET FOREIGN_KEY_CHECKS=0;

-- ----------------------------
-- Table structure for difference
-- ----------------------------
DROP TABLE IF EXISTS `difference`;
CREATE TABLE `difference` (
  `country` varchar(255) CHARACTER SET utf8 COLLATE utf8_general_ci DEFAULT '',
  `difference` double(20,3) DEFAULT NULL,
  `rank` int(11) DEFAULT NULL
) ENGINE=InnoDB DEFAULT CHARSET=utf8;

-- ----------------------------
-- Records of difference
-- ----------------------------
INSERT INTO `difference` VALUES ('Latvia', '0.752', '1');
INSERT INTO `difference` VALUES ('Romania', '0.701', '2');
INSERT INTO `difference` VALUES ('Togo', '0.656', '3');
INSERT INTO `difference` VALUES ('Senegal', '0.631', '4');
INSERT INTO `difference` VALUES ('Gabon', '0.569', '5');
INSERT INTO `difference` VALUES ('Egypt', '0.541', '6');
INSERT INTO `difference` VALUES ('Ivory Coast', '0.525', '7');
INSERT INTO `difference` VALUES ('Hungary', '0.524', '8');
INSERT INTO `difference` VALUES ('Bulgaria', '0.496', '9');
INSERT INTO `difference` VALUES ('Syria', '0.456', '10');
INSERT INTO `difference` VALUES ('Nepal', '0.448', '11');
INSERT INTO `difference` VALUES ('Burkina Faso', '0.445', '12');
INSERT INTO `difference` VALUES ('Cameroon', '0.443', '13');
INSERT INTO `difference` VALUES ('Honduras', '0.393', '14');
INSERT INTO `difference` VALUES ('Lebanon', '0.386', '15');
INSERT INTO `difference` VALUES ('Greece', '0.370', '16');
INSERT INTO `difference` VALUES ('Philippines', '0.357', '17');
INSERT INTO `difference` VALUES ('Cambodia', '0.349', '18');
INSERT INTO `difference` VALUES ('Dominican Republic', '0.345', '19');
INSERT INTO `difference` VALUES ('Guatemala', '0.331', '20');
INSERT INTO `difference` VALUES ('Benin', '0.317', '21');
INSERT INTO `difference` VALUES ('Malaysia', '0.314', '22');
INSERT INTO `difference` VALUES ('Congo (Brazzaville)', '0.302', '23');
INSERT INTO `difference` VALUES ('Turkmenistan', '0.274', '24');
INSERT INTO `difference` VALUES ('Serbia', '0.272', '25');
INSERT INTO `difference` VALUES ('Chad', '0.269', '26');
INSERT INTO `difference` VALUES ('Algeria', '0.267', '27');
INSERT INTO `difference` VALUES ('Tajikistan', '0.255', '28');
INSERT INTO `difference` VALUES ('Russia', '0.247', '29');
INSERT INTO `difference` VALUES ('Nicaragua', '0.243', '30');
INSERT INTO `difference` VALUES ('Myanmar', '0.238', '31');
INSERT INTO `difference` VALUES ('Bosnia and Herzegovina', '0.233', '32');
INSERT INTO `difference` VALUES ('Malta', '0.225', '33');
INSERT INTO `difference` VALUES ('Morocco', '0.222', '34');
INSERT INTO `difference` VALUES ('Afghanistan', '0.219', '35');
INSERT INTO `difference` VALUES ('Sierra Leone', '0.202', '36');
INSERT INTO `difference` VALUES ('Germany', '0.201', '37');
INSERT INTO `difference` VALUES ('Mali', '0.195', '38');
INSERT INTO `difference` VALUES ('South Africa', '0.187', '39');
INSERT INTO `difference` VALUES ('Niger', '0.183', '40');
INSERT INTO `difference` VALUES ('Poland', '0.182', '41');
INSERT INTO `difference` VALUES ('Estonia', '0.182', '41');
INSERT INTO `difference` VALUES ('Sri Lanka', '0.169', '43');
INSERT INTO `difference` VALUES ('Turkey', '0.168', '44');
INSERT INTO `difference` VALUES ('Macedonia', '0.168', '44');
INSERT INTO `difference` VALUES ('Mauritius', '0.152', '46');
INSERT INTO `difference` VALUES ('Uganda', '0.150', '47');
INSERT INTO `difference` VALUES ('Jordan', '0.144', '48');
INSERT INTO `difference` VALUES ('Kenya', '0.134', '49');
INSERT INTO `difference` VALUES ('China', '0.133', '50');
INSERT INTO `difference` VALUES ('Bahrain', '0.127', '51');
INSERT INTO `difference` VALUES ('Taiwan', '0.124', '52');
INSERT INTO `difference` VALUES ('North Cyprus', '0.115', '53');
INSERT INTO `difference` VALUES ('Czech Republic', '0.104', '54');
INSERT INTO `difference` VALUES ('Slovakia', '0.103', '55');
INSERT INTO `difference` VALUES ('Portugal', '0.093', '56');
INSERT INTO `difference` VALUES ('Mongolia', '0.081', '57');
INSERT INTO `difference` VALUES ('Pakistan', '0.075', '58');
INSERT INTO `difference` VALUES ('Spain', '0.074', '59');
INSERT INTO `difference` VALUES ('Lithuania', '0.069', '60');
INSERT INTO `difference` VALUES ('Tunisia', '0.066', '61');
INSERT INTO `difference` VALUES ('Finland', '0.063', '62');
INSERT INTO `difference` VALUES ('Palestinian Territories', '0.060', '63');
INSERT INTO `difference` VALUES ('Montenegro', '0.045', '64');
INSERT INTO `difference` VALUES ('Ireland', '0.037', '65');
INSERT INTO `difference` VALUES ('Ecuador', '0.033', '66');
INSERT INTO `difference` VALUES ('New Zealand', '0.028', '67');
INSERT INTO `difference` VALUES ('Armenia', '0.026', '68');
INSERT INTO `difference` VALUES ('Argentina', '0.025', '69');
INSERT INTO `difference` VALUES ('Azerbaijan', '0.022', '70');
INSERT INTO `difference` VALUES ('Italy', '0.016', '71');
INSERT INTO `difference` VALUES ('Norway', '0.015', '72');
INSERT INTO `difference` VALUES ('Iran', '0.006', '73');
INSERT INTO `difference` VALUES ('Rwanda', '0.006', '73');
INSERT INTO `difference` VALUES ('Australia', '0.000', '75');
INSERT INTO `difference` VALUES ('Trinidad and Tobago', '0.000', '75');
INSERT INTO `difference` VALUES ('Burundi', '0.000', '75');
INSERT INTO `difference` VALUES ('Netherlands', '-0.001', '78');
INSERT INTO `difference` VALUES ('Hong Kong', '-0.002', '79');
INSERT INTO `difference` VALUES ('Denmark', '-0.005', '80');
INSERT INTO `difference` VALUES ('Georgia', '-0.011', '81');
INSERT INTO `difference` VALUES ('Chile', '-0.018', '82');
INSERT INTO `difference` VALUES ('Thailand', '-0.031', '83');
INSERT INTO `difference` VALUES ('Uruguay', '-0.031', '84');
INSERT INTO `difference` VALUES ('Uzbekistan', '-0.032', '85');
INSERT INTO `difference` VALUES ('Kazakhstan', '-0.036', '86');
INSERT INTO `difference` VALUES ('Madagascar', '-0.037', '87');
INSERT INTO `difference` VALUES ('Belgium', '-0.046', '88');
INSERT INTO `difference` VALUES ('Moldova', '-0.051', '89');
INSERT INTO `difference` VALUES ('Ethiopia', '-0.052', '90');
INSERT INTO `difference` VALUES ('Iceland', '-0.057', '91');
INSERT INTO `difference` VALUES ('Israel', '-0.065', '92');
INSERT INTO `difference` VALUES ('Saudi Arabia', '-0.067', '93');
INSERT INTO `difference` VALUES ('Bolivia', '-0.067', '93');
INSERT INTO `difference` VALUES ('Japan', '-0.067', '95');
INSERT INTO `difference` VALUES ('Cyprus', '-0.068', '96');
INSERT INTO `difference` VALUES ('Sweden', '-0.080', '97');
INSERT INTO `difference` VALUES ('Luxembourg', '-0.083', '98');
INSERT INTO `difference` VALUES ('Bangladesh', '-0.086', '99');
INSERT INTO `difference` VALUES ('Slovenia', '-0.090', '100');
INSERT INTO `difference` VALUES ('Switzerland', '-0.093', '101');
INSERT INTO `difference` VALUES ('Peru', '-0.109', '102');
INSERT INTO `difference` VALUES ('Canada', '-0.111', '103');
INSERT INTO `difference` VALUES ('Colombia', '-0.120', '104');
INSERT INTO `difference` VALUES ('United States', '-0.126', '105');
INSERT INTO `difference` VALUES ('El Salvador', '-0.127', '106');
INSERT INTO `difference` VALUES ('France', '-0.133', '107');
INSERT INTO `difference` VALUES ('Indonesia', '-0.137', '108');
INSERT INTO `difference` VALUES ('Mauritania', '-0.144', '109');
INSERT INTO `difference` VALUES ('South Korea', '-0.146', '110');
INSERT INTO `difference` VALUES ('Costa Rica', '-0.147', '111');
INSERT INTO `difference` VALUES ('Guinea', '-0.149', '112');
INSERT INTO `difference` VALUES ('United Kingdom', '-0.153', '113');
INSERT INTO `difference` VALUES ('Iraq', '-0.180', '114');
INSERT INTO `difference` VALUES ('Kuwait', '-0.190', '115');
INSERT INTO `difference` VALUES ('Austria', '-0.194', '116');
INSERT INTO `difference` VALUES ('Nigeria', '-0.194', '116');
INSERT INTO `difference` VALUES ('Singapore', '-0.226', '118');
INSERT INTO `difference` VALUES ('Libya', '-0.229', '119');
INSERT INTO `difference` VALUES ('Qatar', '-0.236', '120');
INSERT INTO `difference` VALUES ('Congo (Kinshasa)', '-0.237', '121');
INSERT INTO `difference` VALUES ('Angola', '-0.238', '122');
INSERT INTO `difference` VALUES ('Bhutan', '-0.242', '123');
INSERT INTO `difference` VALUES ('Belarus', '-0.244', '124');
INSERT INTO `difference` VALUES ('India', '-0.250', '125');
INSERT INTO `difference` VALUES ('United Arab Emirates', '-0.253', '126');
INSERT INTO `difference` VALUES ('Kyrgyzstan', '-0.282', '127');
INSERT INTO `difference` VALUES ('Vietnam', '-0.286', '128');
INSERT INTO `difference` VALUES ('Kosovo', '-0.310', '129');
INSERT INTO `difference` VALUES ('Albania', '-0.315', '130');
INSERT INTO `difference` VALUES ('Malawi', '-0.322', '131');
INSERT INTO `difference` VALUES ('Panama', '-0.334', '132');
INSERT INTO `difference` VALUES ('Brazil', '-0.348', '133');
INSERT INTO `difference` VALUES ('Paraguay', '-0.385', '134');
INSERT INTO `difference` VALUES ('Jamaica', '-0.398', '135');
INSERT INTO `difference` VALUES ('Sudan', '-0.411', '136');
INSERT INTO `difference` VALUES ('Mozambique', '-0.421', '137');
INSERT INTO `difference` VALUES ('Tanzania', '-0.432', '138');
INSERT INTO `difference` VALUES ('Croatia', '-0.466', '139');
INSERT INTO `difference` VALUES ('Yemen', '-0.484', '140');
INSERT INTO `difference` VALUES ('Ghana', '-0.513', '141');
INSERT INTO `difference` VALUES ('Botswana', '-0.566', '142');
INSERT INTO `difference` VALUES ('Ukraine', '-0.585', '143');
INSERT INTO `difference` VALUES ('Mexico', '-0.609', '144');
INSERT INTO `difference` VALUES ('Zambia', '-0.615', '145');
INSERT INTO `difference` VALUES ('Zimbabwe', '-0.735', '146');
INSERT INTO `difference` VALUES ('Haiti', '-0.915', '147');
INSERT INTO `difference` VALUES ('Central African Republic', '-0.985', '148');
INSERT INTO `difference` VALUES ('Liberia', '-1.038', '149');
INSERT INTO `difference` VALUES ('Lesotho', '-1.090', '150');
INSERT INTO `difference` VALUES ('Venezuela', '-1.560', '151');

-- ----------------------------
-- Table structure for gdp
-- ----------------------------
DROP TABLE IF EXISTS `gdp`;
CREATE TABLE `gdp` (
  `country` varchar(255) CHARACTER SET utf8 COLLATE utf8_general_ci DEFAULT NULL,
  `GDP_2015` double(11,3) DEFAULT NULL,
  `GDP_2016` double(11,3) DEFAULT NULL,
  `GDP_2017` double(11,3) DEFAULT NULL,
  `rank_difference` int(11) DEFAULT NULL
) ENGINE=InnoDB DEFAULT CHARSET=utf8;

-- ----------------------------
-- Records of gdp
-- ----------------------------
INSERT INTO `gdp` VALUES ('Switzerland', '1.400', '1.530', '1.560', '3');
INSERT INTO `gdp` VALUES ('Iceland', '1.300', '1.430', '1.480', '1');
INSERT INTO `gdp` VALUES ('Denmark', '1.330', '1.440', '1.480', '-1');
INSERT INTO `gdp` VALUES ('Norway', '1.460', '1.580', '1.620', '-3');
INSERT INTO `gdp` VALUES ('Canada', '1.330', '1.440', '1.480', '2');
INSERT INTO `gdp` VALUES ('Finland', '1.290', '1.410', '1.440', '-1');
INSERT INTO `gdp` VALUES ('Netherlands', '1.330', '1.460', '1.500', '-1');
INSERT INTO `gdp` VALUES ('Sweden', '1.330', '1.450', '1.490', '1');
INSERT INTO `gdp` VALUES ('New Zealand', '1.250', '1.360', '1.410', '-1');
INSERT INTO `gdp` VALUES ('Australia', '1.330', '1.440', '1.480', '-1');
INSERT INTO `gdp` VALUES ('Israel', '1.230', '1.340', '1.380', '0');
INSERT INTO `gdp` VALUES ('Costa Rica', '0.960', '1.070', '1.110', '0');
INSERT INTO `gdp` VALUES ('Austria', '1.340', '1.450', '1.490', '0');
INSERT INTO `gdp` VALUES ('Mexico', '1.020', '1.120', '1.150', '11');
INSERT INTO `gdp` VALUES ('United States', '1.390', '1.510', '1.550', '-1');
INSERT INTO `gdp` VALUES ('Brazil', '0.980', '1.090', '1.110', '6');
INSERT INTO `gdp` VALUES ('Luxembourg', '1.560', '1.700', '1.740', '1');
INSERT INTO `gdp` VALUES ('Ireland', '1.340', '1.480', '1.540', '-3');
INSERT INTO `gdp` VALUES ('Belgium', '1.310', '1.430', '1.460', '-2');
INSERT INTO `gdp` VALUES ('United Arab Emirates', '1.430', '1.570', '1.630', '1');
INSERT INTO `gdp` VALUES ('United Kingdom', '1.270', '1.400', '1.440', '-2');
INSERT INTO `gdp` VALUES ('Oman', '1.360', null, null, null);
INSERT INTO `gdp` VALUES ('Venezuela', '1.040', '1.130', '1.130', '59');
INSERT INTO `gdp` VALUES ('Singapore', '1.520', '1.650', '1.690', '2');
INSERT INTO `gdp` VALUES ('Panama', '1.060', '1.180', '1.230', '5');
INSERT INTO `gdp` VALUES ('Germany', '1.330', '1.450', '1.490', '-10');
INSERT INTO `gdp` VALUES ('Chile', '1.110', '1.220', '1.250', '-7');
INSERT INTO `gdp` VALUES ('Qatar', '1.690', '1.820', '1.870', '7');
INSERT INTO `gdp` VALUES ('France', '1.280', '1.390', '1.430', '2');
INSERT INTO `gdp` VALUES ('Argentina', '1.050', '1.150', '1.190', '-6');
INSERT INTO `gdp` VALUES ('Czech Republic', '1.180', '1.310', '1.350', '-8');
INSERT INTO `gdp` VALUES ('Uruguay', '1.060', '1.180', '1.220', '-4');
INSERT INTO `gdp` VALUES ('Colombia', '0.920', '1.030', '1.070', '3');
INSERT INTO `gdp` VALUES ('Thailand', '0.970', '1.090', '1.130', '-2');
INSERT INTO `gdp` VALUES ('Saudi Arabia', '1.400', '1.490', '1.530', '2');
INSERT INTO `gdp` VALUES ('Spain', '1.230', '1.340', '1.380', '-2');
INSERT INTO `gdp` VALUES ('Malta', '1.210', '1.310', '1.340', '-10');
INSERT INTO `gdp` VALUES ('Taiwan', '1.290', '1.400', '1.430', '-5');
INSERT INTO `gdp` VALUES ('Kuwait', '1.550', '1.620', '1.630', '0');
INSERT INTO `gdp` VALUES ('Suriname', '1.000', '1.100', null, null);
INSERT INTO `gdp` VALUES ('Trinidad and Tobago', '1.210', '1.330', '1.360', '-3');
INSERT INTO `gdp` VALUES ('El Salvador', '0.760', '0.870', '0.910', '3');
INSERT INTO `gdp` VALUES ('Guatemala', '0.750', '0.830', '0.870', '-15');
INSERT INTO `gdp` VALUES ('Uzbekistan', '0.630', '0.740', '0.790', '3');
INSERT INTO `gdp` VALUES ('Slovakia', '1.170', '1.280', '1.330', '-5');
INSERT INTO `gdp` VALUES ('Japan', '1.270', '1.380', '1.420', '5');
INSERT INTO `gdp` VALUES ('South Korea', '1.240', '1.360', '1.400', '8');
INSERT INTO `gdp` VALUES ('Ecuador', '0.860', '0.970', '1.000', '-4');
INSERT INTO `gdp` VALUES ('Bahrain', '1.320', '1.440', '1.490', '-8');
INSERT INTO `gdp` VALUES ('Italy', '1.250', '1.350', '1.400', '-2');
INSERT INTO `gdp` VALUES ('Bolivia', '0.680', '0.790', '0.830', '7');
INSERT INTO `gdp` VALUES ('Moldova', '0.590', '0.690', '0.730', '3');
INSERT INTO `gdp` VALUES ('Paraguay', '0.760', '0.890', '0.930', '17');
INSERT INTO `gdp` VALUES ('Kazakhstan', '1.120', '1.230', '1.280', '6');
INSERT INTO `gdp` VALUES ('Slovenia', '1.180', '1.300', '1.340', '7');
INSERT INTO `gdp` VALUES ('Lithuania', '1.150', '1.270', '1.310', '-4');
INSERT INTO `gdp` VALUES ('Nicaragua', '0.590', '0.690', '0.740', '-14');
INSERT INTO `gdp` VALUES ('Peru', '0.900', '1.000', '1.040', '5');
INSERT INTO `gdp` VALUES ('Belarus', '1.030', '1.130', '1.160', '8');
INSERT INTO `gdp` VALUES ('Poland', '1.130', '1.250', '1.290', '-14');
INSERT INTO `gdp` VALUES ('Malaysia', '1.120', '1.250', '1.290', '-19');
INSERT INTO `gdp` VALUES ('Croatia', '1.080', '1.190', '1.220', '15');
INSERT INTO `gdp` VALUES ('Libya', '1.130', '1.070', '1.100', '5');
INSERT INTO `gdp` VALUES ('Russia', '1.140', '1.230', '1.280', '-15');
INSERT INTO `gdp` VALUES ('Jamaica', '0.810', '0.890', '0.930', '11');
INSERT INTO `gdp` VALUES ('North Cyprus', '1.210', '1.310', '1.350', '-5');
INSERT INTO `gdp` VALUES ('Cyprus', '1.210', '1.320', '1.360', '-2');
INSERT INTO `gdp` VALUES ('Algeria', '0.940', '1.050', '1.090', '-15');
INSERT INTO `gdp` VALUES ('Kosovo', '0.800', '0.900', '0.950', '9');
INSERT INTO `gdp` VALUES ('Turkmenistan', '0.960', '1.080', '1.130', '-11');
INSERT INTO `gdp` VALUES ('Mauritius', '1.010', '1.140', '1.190', '-7');
INSERT INTO `gdp` VALUES ('Hong Kong', '1.390', '1.510', null, '-1');
INSERT INTO `gdp` VALUES ('Estonia', '1.150', '1.280', '1.320', '-7');
INSERT INTO `gdp` VALUES ('Indonesia', '0.830', '0.950', '1.000', '7');
INSERT INTO `gdp` VALUES ('Vietnam', '0.630', '0.740', '0.790', '19');
INSERT INTO `gdp` VALUES ('Turkey', '1.060', '1.160', '1.200', '-7');
INSERT INTO `gdp` VALUES ('Kyrgyzstan', '0.470', '0.560', '0.600', '21');
INSERT INTO `gdp` VALUES ('Nigeria', '0.650', '0.750', '0.780', '16');
INSERT INTO `gdp` VALUES ('Bhutan', '0.770', '0.850', '0.890', '18');
INSERT INTO `gdp` VALUES ('Azerbaijan', '1.020', '1.120', '1.150', '5');
INSERT INTO `gdp` VALUES ('Pakistan', '0.600', '0.690', '0.730', '-1');
INSERT INTO `gdp` VALUES ('Jordan', '0.900', '1.000', '0.990', '-8');
INSERT INTO `gdp` VALUES ('Montenegro', '0.970', '1.080', '1.120', '1');
INSERT INTO `gdp` VALUES ('China', '0.890', '1.030', '1.080', '-5');
INSERT INTO `gdp` VALUES ('Zambia', '0.470', '0.610', '0.640', '31');
INSERT INTO `gdp` VALUES ('Romania', '1.040', '1.170', '1.220', '-29');
INSERT INTO `gdp` VALUES ('Serbia', '0.920', '1.030', '1.070', '-14');
INSERT INTO `gdp` VALUES ('Portugal', '1.160', '1.280', '1.320', '1');
INSERT INTO `gdp` VALUES ('Latvia', '1.110', '1.220', '1.260', '-35');
INSERT INTO `gdp` VALUES ('Philippines', '0.710', '0.810', '0.860', '-18');
INSERT INTO `gdp` VALUES ('Somaliland region', '0.190', '0.260', '0.880', null);
INSERT INTO `gdp` VALUES ('Morocco', '0.730', '0.840', '1.060', '-8');
INSERT INTO `gdp` VALUES ('Macedonia', '0.920', '1.020', '0.230', '-1');
INSERT INTO `gdp` VALUES ('Mozambique', '0.080', null, null, '19');
INSERT INTO `gdp` VALUES ('Albania', '0.880', '0.960', '1.000', '14');
INSERT INTO `gdp` VALUES ('Bosnia and Herzegovina', '0.830', '0.930', '0.980', '-6');
INSERT INTO `gdp` VALUES ('Lesotho', '0.380', null, '0.520', '42');
INSERT INTO `gdp` VALUES ('Dominican Republic', '0.900', '1.030', '1.080', '-12');
INSERT INTO `gdp` VALUES ('Laos', '0.590', '0.680', null, null);
INSERT INTO `gdp` VALUES ('Mongolia', '0.830', '0.990', '1.030', '0');
INSERT INTO `gdp` VALUES ('Swaziland', '0.710', null, null, null);
INSERT INTO `gdp` VALUES ('Greece', '1.150', '1.250', '1.290', '-15');
INSERT INTO `gdp` VALUES ('Lebanon', '1.030', '1.120', '1.070', '-15');
INSERT INTO `gdp` VALUES ('Hungary', '1.120', '1.240', '1.290', '-29');
INSERT INTO `gdp` VALUES ('Honduras', '0.600', '0.690', '0.730', '-14');
INSERT INTO `gdp` VALUES ('Tajikistan', '0.390', '0.490', '0.520', '-10');
INSERT INTO `gdp` VALUES ('Tunisia', '0.880', '0.980', '1.010', '-5');
INSERT INTO `gdp` VALUES ('Palestinian Territories', '0.600', '0.670', '0.720', '-5');
INSERT INTO `gdp` VALUES ('Bangladesh', '0.400', '0.540', '0.590', '1');
INSERT INTO `gdp` VALUES ('Iran', '1.010', '1.120', '1.160', '-2');
INSERT INTO `gdp` VALUES ('Ukraine', '0.800', '0.870', '0.890', '21');
INSERT INTO `gdp` VALUES ('Iraq', '0.990', '1.070', '1.100', '5');
INSERT INTO `gdp` VALUES ('South Africa', '0.920', '1.020', '1.050', '-12');
INSERT INTO `gdp` VALUES ('Ghana', '0.550', '0.630', '0.670', '17');
INSERT INTO `gdp` VALUES ('Zimbabwe', '0.270', '0.350', '0.380', '23');
INSERT INTO `gdp` VALUES ('Liberia', '0.070', '0.110', '0.120', '32');
INSERT INTO `gdp` VALUES ('India', '0.640', '0.740', '0.790', '5');
INSERT INTO `gdp` VALUES ('Sudan', '0.520', '0.630', '0.660', '12');
INSERT INTO `gdp` VALUES ('Haiti', '0.270', '0.340', '0.370', '26');
INSERT INTO `gdp` VALUES ('Congo (Kinshasa)', '0.000', '0.060', '0.090', '6');
INSERT INTO `gdp` VALUES ('Nepal', '0.360', '0.450', '0.480', '-22');
INSERT INTO `gdp` VALUES ('Ethiopia', '0.190', '0.290', '0.340', '-3');
INSERT INTO `gdp` VALUES ('Sierra Leone', '0.330', '0.360', '0.370', '-17');
INSERT INTO `gdp` VALUES ('Mauritania', '0.450', '0.610', '0.650', '-1');
INSERT INTO `gdp` VALUES ('Kenya', '0.360', '0.520', '0.560', '-13');
INSERT INTO `gdp` VALUES ('Djibouti', '0.440', null, null, null);
INSERT INTO `gdp` VALUES ('Armenia', '0.770', '0.860', '0.900', '-6');
INSERT INTO `gdp` VALUES ('Botswana', '0.990', '1.090', '1.120', '14');
INSERT INTO `gdp` VALUES ('Myanmar', '0.270', '0.340', '0.370', '-15');
INSERT INTO `gdp` VALUES ('Georgia', '0.740', '0.840', '0.950', '-5');
INSERT INTO `gdp` VALUES ('Malawi', '0.020', '0.090', '0.230', '5');
INSERT INTO `gdp` VALUES ('Sri Lanka', '0.840', '0.970', '1.010', '-12');
INSERT INTO `gdp` VALUES ('Cameroon', '0.420', '0.520', '0.560', '-26');
INSERT INTO `gdp` VALUES ('Bulgaria', '1.010', '1.110', '1.160', '-29');
INSERT INTO `gdp` VALUES ('Egypt', '0.880', '0.950', '0.990', '-31');
INSERT INTO `gdp` VALUES ('Yemen', '0.550', '0.580', '0.590', '10');
INSERT INTO `gdp` VALUES ('Angola', '0.760', '0.850', '0.860', '3');
INSERT INTO `gdp` VALUES ('Mali', '0.260', '0.310', '0.480', '-11');
INSERT INTO `gdp` VALUES ('Congo (Brazzaville)', '0.680', '0.770', '0.810', '-15');
INSERT INTO `gdp` VALUES ('Comoros', '0.240', '0.280', null, null);
INSERT INTO `gdp` VALUES ('Uganda', '0.210', '0.350', '0.380', '-8');
INSERT INTO `gdp` VALUES ('Senegal', '0.360', '0.440', '0.480', '-27');
INSERT INTO `gdp` VALUES ('Gabon', '1.060', '1.160', '1.200', '-25');
INSERT INTO `gdp` VALUES ('Niger', '0.070', '0.130', '0.160', '-9');
INSERT INTO `gdp` VALUES ('Cambodia', '0.460', '0.560', '0.600', '-16');
INSERT INTO `gdp` VALUES ('Tanzania', '0.290', '0.470', '0.510', '7');
INSERT INTO `gdp` VALUES ('Madagascar', '0.210', '0.280', '0.310', '-3');
INSERT INTO `gdp` VALUES ('Central African Republic', '0.080', null, '0.000', '7');
INSERT INTO `gdp` VALUES ('Chad', '0.340', '0.420', '0.440', '-12');
INSERT INTO `gdp` VALUES ('Guinea', '0.170', '0.220', '0.240', '-1');
INSERT INTO `gdp` VALUES ('Ivory Coast', '0.470', '0.560', '0.600', '-23');
INSERT INTO `gdp` VALUES ('Burkina Faso', '0.260', '0.320', '0.350', '-18');
INSERT INTO `gdp` VALUES ('Afghanistan', '0.320', '0.380', '0.400', '-12');
INSERT INTO `gdp` VALUES ('Rwanda', '0.220', '0.330', '0.370', '-3');
INSERT INTO `gdp` VALUES ('Benin', '0.290', '0.390', '0.430', '-12');
INSERT INTO `gdp` VALUES ('Syria', '0.660', '0.750', '0.780', '-4');
INSERT INTO `gdp` VALUES ('Burundi', '0.020', '0.070', '0.090', '-3');
INSERT INTO `gdp` VALUES ('Togo', '0.210', '0.280', '0.310', '-8');
INSERT INTO `gdp` VALUES ('Belize', null, '0.880', '0.910', null);
INSERT INTO `gdp` VALUES ('Namibia', null, '0.930', '1.550', null);
INSERT INTO `gdp` VALUES ('Puerto Rico', null, '1.360', '0.960', null);
INSERT INTO `gdp` VALUES ('Somalia', null, '0.000', '0.020', null);
INSERT INTO `gdp` VALUES ('South Sudan', null, '0.390', '0.400', null);

-- ----------------------------
-- Table structure for item
-- ----------------------------
DROP TABLE IF EXISTS `item`;
CREATE TABLE `item` (
  `id` int(11) NOT NULL,
  `item_name` varchar(255) DEFAULT NULL,
  PRIMARY KEY (`id`)
) ENGINE=InnoDB DEFAULT CHARSET=utf8;

-- ----------------------------
-- Records of item
-- ----------------------------
INSERT INTO `item` VALUES ('1', 'ranks');
INSERT INTO `item` VALUES ('2', 'score');
INSERT INTO `item` VALUES ('3', 'difference');
INSERT INTO `item` VALUES ('4', 'GDP');

-- ----------------------------
-- Table structure for ranks
-- ----------------------------
DROP TABLE IF EXISTS `ranks`;
CREATE TABLE `ranks` (
  `country` varchar(255) DEFAULT NULL,
  `rank_2015` int(10) DEFAULT NULL,
  `rank_2016` int(10) DEFAULT NULL,
  `rank_2017` int(10) DEFAULT NULL
) ENGINE=InnoDB DEFAULT CHARSET=utf8;

-- ----------------------------
-- Records of ranks
-- ----------------------------
INSERT INTO `ranks` VALUES ('Switzerland', '1', '2', '4');
INSERT INTO `ranks` VALUES ('Iceland', '2', '3', '3');
INSERT INTO `ranks` VALUES ('Denmark', '3', '1', '2');
INSERT INTO `ranks` VALUES ('Norway', '4', '4', '1');
INSERT INTO `ranks` VALUES ('Canada', '5', '6', '7');
INSERT INTO `ranks` VALUES ('Finland', '6', '5', '5');
INSERT INTO `ranks` VALUES ('Netherlands', '7', '7', '6');
INSERT INTO `ranks` VALUES ('Sweden', '8', '10', '9');
INSERT INTO `ranks` VALUES ('New Zealand', '9', '8', '8');
INSERT INTO `ranks` VALUES ('Australia', '10', '9', '9');
INSERT INTO `ranks` VALUES ('Israel', '11', '11', '11');
INSERT INTO `ranks` VALUES ('Costa Rica', '12', '14', '12');
INSERT INTO `ranks` VALUES ('Austria', '13', '12', '13');
INSERT INTO `ranks` VALUES ('Mexico', '14', '21', '25');
INSERT INTO `ranks` VALUES ('United States', '15', '13', '14');
INSERT INTO `ranks` VALUES ('Brazil', '16', '17', '22');
INSERT INTO `ranks` VALUES ('Luxembourg', '17', '20', '18');
INSERT INTO `ranks` VALUES ('Ireland', '18', '19', '15');
INSERT INTO `ranks` VALUES ('Belgium', '19', '18', '17');
INSERT INTO `ranks` VALUES ('United Arab Emirates', '20', '28', '21');
INSERT INTO `ranks` VALUES ('United Kingdom', '21', '23', '19');
INSERT INTO `ranks` VALUES ('Oman', '22', null, null);
INSERT INTO `ranks` VALUES ('Venezuela', '23', '44', '82');
INSERT INTO `ranks` VALUES ('Singapore', '24', '22', '26');
INSERT INTO `ranks` VALUES ('Panama', '25', '25', '30');
INSERT INTO `ranks` VALUES ('Germany', '26', '16', '16');
INSERT INTO `ranks` VALUES ('Chile', '27', '24', '20');
INSERT INTO `ranks` VALUES ('Qatar', '28', '36', '35');
INSERT INTO `ranks` VALUES ('France', '29', '32', '31');
INSERT INTO `ranks` VALUES ('Argentina', '30', '26', '24');
INSERT INTO `ranks` VALUES ('Czech Republic', '31', '27', '23');
INSERT INTO `ranks` VALUES ('Uruguay', '32', '29', '28');
INSERT INTO `ranks` VALUES ('Colombia', '33', '31', '36');
INSERT INTO `ranks` VALUES ('Thailand', '34', '33', '32');
INSERT INTO `ranks` VALUES ('Saudi Arabia', '35', '34', '37');
INSERT INTO `ranks` VALUES ('Spain', '36', '37', '34');
INSERT INTO `ranks` VALUES ('Malta', '37', '30', '27');
INSERT INTO `ranks` VALUES ('Taiwan', '38', '34', '33');
INSERT INTO `ranks` VALUES ('Kuwait', '39', '41', '39');
INSERT INTO `ranks` VALUES ('Suriname', '40', '40', null);
INSERT INTO `ranks` VALUES ('Trinidad and Tobago', '41', '43', '38');
INSERT INTO `ranks` VALUES ('El Salvador', '42', '46', '45');
INSERT INTO `ranks` VALUES ('Guatemala', '43', '39', '28');
INSERT INTO `ranks` VALUES ('Uzbekistan', '44', '49', '47');
INSERT INTO `ranks` VALUES ('Slovakia', '45', '45', '40');
INSERT INTO `ranks` VALUES ('Japan', '46', '53', '51');
INSERT INTO `ranks` VALUES ('South Korea', '47', '57', '55');
INSERT INTO `ranks` VALUES ('Ecuador', '48', '51', '44');
INSERT INTO `ranks` VALUES ('Bahrain', '49', '42', '41');
INSERT INTO `ranks` VALUES ('Italy', '50', '50', '48');
INSERT INTO `ranks` VALUES ('Bolivia', '51', '59', '58');
INSERT INTO `ranks` VALUES ('Moldova', '52', '55', '55');
INSERT INTO `ranks` VALUES ('Paraguay', '53', '70', '70');
INSERT INTO `ranks` VALUES ('Kazakhstan', '54', '54', '60');
INSERT INTO `ranks` VALUES ('Slovenia', '55', '63', '62');
INSERT INTO `ranks` VALUES ('Lithuania', '56', '60', '52');
INSERT INTO `ranks` VALUES ('Nicaragua', '57', '48', '43');
INSERT INTO `ranks` VALUES ('Peru', '58', '64', '63');
INSERT INTO `ranks` VALUES ('Belarus', '59', '61', '67');
INSERT INTO `ranks` VALUES ('Poland', '60', '57', '46');
INSERT INTO `ranks` VALUES ('Malaysia', '61', '47', '42');
INSERT INTO `ranks` VALUES ('Croatia', '62', '74', '77');
INSERT INTO `ranks` VALUES ('Libya', '63', '67', '68');
INSERT INTO `ranks` VALUES ('Russia', '64', '56', '49');
INSERT INTO `ranks` VALUES ('Jamaica', '65', '73', '76');
INSERT INTO `ranks` VALUES ('North Cyprus', '66', '62', '61');
INSERT INTO `ranks` VALUES ('Cyprus', '67', '69', '65');
INSERT INTO `ranks` VALUES ('Algeria', '68', '38', '53');
INSERT INTO `ranks` VALUES ('Kosovo', '69', '77', '78');
INSERT INTO `ranks` VALUES ('Turkmenistan', '70', '65', '59');
INSERT INTO `ranks` VALUES ('Mauritius', '71', '66', '64');
INSERT INTO `ranks` VALUES ('Hong Kong', '72', '75', '71');
INSERT INTO `ranks` VALUES ('Estonia', '73', '72', '66');
INSERT INTO `ranks` VALUES ('Indonesia', '74', '79', '81');
INSERT INTO `ranks` VALUES ('Vietnam', '75', '96', '94');
INSERT INTO `ranks` VALUES ('Turkey', '76', '78', '69');
INSERT INTO `ranks` VALUES ('Kyrgyzstan', '77', '85', '98');
INSERT INTO `ranks` VALUES ('Nigeria', '78', '103', '94');
INSERT INTO `ranks` VALUES ('Bhutan', '79', '84', '97');
INSERT INTO `ranks` VALUES ('Azerbaijan', '80', '81', '85');
INSERT INTO `ranks` VALUES ('Pakistan', '81', '92', '80');
INSERT INTO `ranks` VALUES ('Jordan', '82', '80', '74');
INSERT INTO `ranks` VALUES ('Montenegro', '82', '88', '83');
INSERT INTO `ranks` VALUES ('China', '84', '83', '79');
INSERT INTO `ranks` VALUES ('Zambia', '85', '106', '116');
INSERT INTO `ranks` VALUES ('Romania', '86', '71', '57');
INSERT INTO `ranks` VALUES ('Serbia', '87', '86', '73');
INSERT INTO `ranks` VALUES ('Portugal', '88', '94', '89');
INSERT INTO `ranks` VALUES ('Latvia', '89', '68', '54');
INSERT INTO `ranks` VALUES ('Philippines', '90', '82', '72');
INSERT INTO `ranks` VALUES ('Somaliland region', '91', '97', null);
INSERT INTO `ranks` VALUES ('Morocco', '92', '90', '84');
INSERT INTO `ranks` VALUES ('Macedonia', '93', '95', '92');
INSERT INTO `ranks` VALUES ('Mozambique', '94', null, '113');
INSERT INTO `ranks` VALUES ('Albania', '95', '109', '109');
INSERT INTO `ranks` VALUES ('Bosnia and Herzegovina', '96', '87', '90');
INSERT INTO `ranks` VALUES ('Lesotho', '97', null, '139');
INSERT INTO `ranks` VALUES ('Dominican Republic', '98', '89', '86');
INSERT INTO `ranks` VALUES ('Laos', '99', '102', null);
INSERT INTO `ranks` VALUES ('Mongolia', '100', '101', '100');
INSERT INTO `ranks` VALUES ('Swaziland', '101', null, null);
INSERT INTO `ranks` VALUES ('Greece', '102', '99', '87');
INSERT INTO `ranks` VALUES ('Lebanon', '103', '93', '88');
INSERT INTO `ranks` VALUES ('Hungary', '104', '91', '75');
INSERT INTO `ranks` VALUES ('Honduras', '105', '104', '91');
INSERT INTO `ranks` VALUES ('Tajikistan', '106', '100', '96');
INSERT INTO `ranks` VALUES ('Tunisia', '107', '98', '102');
INSERT INTO `ranks` VALUES ('Palestinian Territories', '108', '108', '103');
INSERT INTO `ranks` VALUES ('Bangladesh', '109', '110', '110');
INSERT INTO `ranks` VALUES ('Iran', '110', '105', '108');
INSERT INTO `ranks` VALUES ('Ukraine', '111', '123', '132');
INSERT INTO `ranks` VALUES ('Iraq', '112', '112', '117');
INSERT INTO `ranks` VALUES ('South Africa', '113', '116', '101');
INSERT INTO `ranks` VALUES ('Ghana', '114', '124', '131');
INSERT INTO `ranks` VALUES ('Zimbabwe', '115', '131', '138');
INSERT INTO `ranks` VALUES ('Liberia', '116', '150', '148');
INSERT INTO `ranks` VALUES ('India', '117', '118', '122');
INSERT INTO `ranks` VALUES ('Sudan', '118', '133', '130');
INSERT INTO `ranks` VALUES ('Haiti', '119', '136', '145');
INSERT INTO `ranks` VALUES ('Congo (Kinshasa)', '120', '125', '126');
INSERT INTO `ranks` VALUES ('Nepal', '121', '107', '99');
INSERT INTO `ranks` VALUES ('Ethiopia', '122', '115', '119');
INSERT INTO `ranks` VALUES ('Sierra Leone', '123', '111', '106');
INSERT INTO `ranks` VALUES ('Mauritania', '124', '130', '123');
INSERT INTO `ranks` VALUES ('Kenya', '125', '122', '112');
INSERT INTO `ranks` VALUES ('Djibouti', '126', null, null);
INSERT INTO `ranks` VALUES ('Armenia', '127', '121', '121');
INSERT INTO `ranks` VALUES ('Botswana', '128', '137', '142');
INSERT INTO `ranks` VALUES ('Myanmar', '129', '119', '114');
INSERT INTO `ranks` VALUES ('Georgia', '130', '126', '125');
INSERT INTO `ranks` VALUES ('Malawi', '131', '132', '136');
INSERT INTO `ranks` VALUES ('Sri Lanka', '132', '117', '120');
INSERT INTO `ranks` VALUES ('Cameroon', '133', '114', '107');
INSERT INTO `ranks` VALUES ('Bulgaria', '134', '129', '105');
INSERT INTO `ranks` VALUES ('Egypt', '135', '120', '104');
INSERT INTO `ranks` VALUES ('Yemen', '136', '147', '146');
INSERT INTO `ranks` VALUES ('Angola', '137', '141', '140');
INSERT INTO `ranks` VALUES ('Mali', '138', '135', '127');
INSERT INTO `ranks` VALUES ('Congo (Brazzaville)', '139', '127', '124');
INSERT INTO `ranks` VALUES ('Comoros', '140', '138', null);
INSERT INTO `ranks` VALUES ('Uganda', '141', '145', '133');
INSERT INTO `ranks` VALUES ('Senegal', '142', '128', '115');
INSERT INTO `ranks` VALUES ('Gabon', '143', '134', '118');
INSERT INTO `ranks` VALUES ('Niger', '144', '142', '135');
INSERT INTO `ranks` VALUES ('Cambodia', '145', '140', '129');
INSERT INTO `ranks` VALUES ('Tanzania', '146', '149', '153');
INSERT INTO `ranks` VALUES ('Madagascar', '147', '148', '144');
INSERT INTO `ranks` VALUES ('Central African Republic', '148', null, '155');
INSERT INTO `ranks` VALUES ('Chad', '149', '144', '137');
INSERT INTO `ranks` VALUES ('Guinea', '150', '151', '149');
INSERT INTO `ranks` VALUES ('Ivory Coast', '151', '139', '128');
INSERT INTO `ranks` VALUES ('Burkina Faso', '152', '145', '134');
INSERT INTO `ranks` VALUES ('Afghanistan', '153', '154', '141');
INSERT INTO `ranks` VALUES ('Rwanda', '154', '152', '151');
INSERT INTO `ranks` VALUES ('Benin', '155', '153', '143');
INSERT INTO `ranks` VALUES ('Syria', '156', '156', '152');
INSERT INTO `ranks` VALUES ('Burundi', '157', '157', '154');
INSERT INTO `ranks` VALUES ('Togo', '158', '155', '150');
INSERT INTO `ranks` VALUES ('Belize', null, '52', '50');
INSERT INTO `ranks` VALUES ('Namibia', null, '113', '111');
INSERT INTO `ranks` VALUES ('Puerto Rico', null, '15', null);
INSERT INTO `ranks` VALUES ('Somalia', null, '76', '93');
INSERT INTO `ranks` VALUES ('South Sudan', null, '143', '147');

-- ----------------------------
-- Table structure for score
-- ----------------------------
DROP TABLE IF EXISTS `score`;
CREATE TABLE `score` (
  `country` varchar(255) DEFAULT NULL,
  `score_2015` double(11,3) DEFAULT NULL,
  `score_2016` double(11,3) DEFAULT NULL,
  `score_2017` double(11,3) DEFAULT NULL
) ENGINE=InnoDB DEFAULT CHARSET=utf8;

-- ----------------------------
-- Records of score
-- ----------------------------
INSERT INTO `score` VALUES ('Switzerland', '7.587', '7.509', '7.494');
INSERT INTO `score` VALUES ('Iceland', '7.561', '7.501', '7.504');
INSERT INTO `score` VALUES ('Denmark', '7.527', '7.526', '7.522');
INSERT INTO `score` VALUES ('Norway', '7.522', '7.498', '7.537');
INSERT INTO `score` VALUES ('Canada', '7.427', '7.404', '7.316');
INSERT INTO `score` VALUES ('Finland', '7.406', '7.413', '7.469');
INSERT INTO `score` VALUES ('Netherlands', '7.378', '7.339', '7.377');
INSERT INTO `score` VALUES ('Sweden', '7.364', '7.291', '7.284');
INSERT INTO `score` VALUES ('New Zealand', '7.286', '7.334', '7.314');
INSERT INTO `score` VALUES ('Australia', '7.284', '7.313', '7.284');
INSERT INTO `score` VALUES ('Israel', '7.278', '7.267', '7.213');
INSERT INTO `score` VALUES ('Costa Rica', '7.226', '7.087', '7.079');
INSERT INTO `score` VALUES ('Austria', '7.200', '7.119', '7.006');
INSERT INTO `score` VALUES ('Mexico', '7.187', '6.778', '6.578');
INSERT INTO `score` VALUES ('United States', '7.119', '7.104', '6.993');
INSERT INTO `score` VALUES ('Brazil', '6.983', '6.952', '6.635');
INSERT INTO `score` VALUES ('Luxembourg', '6.946', '6.871', '6.863');
INSERT INTO `score` VALUES ('Ireland', '6.940', '6.907', '6.977');
INSERT INTO `score` VALUES ('Belgium', '6.937', '6.929', '6.891');
INSERT INTO `score` VALUES ('United Arab Emirates', '6.901', '6.573', '6.648');
INSERT INTO `score` VALUES ('United Kingdom', '6.867', '6.725', '6.714');
INSERT INTO `score` VALUES ('Oman', '6.853', null, null);
INSERT INTO `score` VALUES ('Venezuela', '6.810', '6.084', '5.250');
INSERT INTO `score` VALUES ('Singapore', '6.798', '6.739', '6.572');
INSERT INTO `score` VALUES ('Panama', '6.786', '6.701', '6.452');
INSERT INTO `score` VALUES ('Germany', '6.750', '6.994', '6.951');
INSERT INTO `score` VALUES ('Chile', '6.670', '6.705', '6.652');
INSERT INTO `score` VALUES ('Qatar', '6.611', '6.375', '6.375');
INSERT INTO `score` VALUES ('France', '6.575', '6.478', '6.442');
INSERT INTO `score` VALUES ('Argentina', '6.574', '6.650', '6.599');
INSERT INTO `score` VALUES ('Czech Republic', '6.505', '6.596', '6.609');
INSERT INTO `score` VALUES ('Uruguay', '6.485', '6.545', '6.454');
INSERT INTO `score` VALUES ('Colombia', '6.477', '6.481', '6.357');
INSERT INTO `score` VALUES ('Thailand', '6.455', '6.474', '6.424');
INSERT INTO `score` VALUES ('Saudi Arabia', '6.411', '6.379', '6.344');
INSERT INTO `score` VALUES ('Spain', '6.329', '6.361', '6.403');
INSERT INTO `score` VALUES ('Malta', '6.302', '6.488', '6.527');
INSERT INTO `score` VALUES ('Taiwan', '6.298', '6.379', '6.422');
INSERT INTO `score` VALUES ('Kuwait', '6.295', '6.239', '6.105');
INSERT INTO `score` VALUES ('Suriname', '6.269', '6.269', null);
INSERT INTO `score` VALUES ('Trinidad and Tobago', '6.168', '6.168', '6.168');
INSERT INTO `score` VALUES ('El Salvador', '6.130', '6.068', '6.003');
INSERT INTO `score` VALUES ('Guatemala', '6.123', '6.324', '6.454');
INSERT INTO `score` VALUES ('Uzbekistan', '6.003', '5.987', '5.971');
INSERT INTO `score` VALUES ('Slovakia', '5.995', '6.078', '6.098');
INSERT INTO `score` VALUES ('Japan', '5.987', '5.921', '5.920');
INSERT INTO `score` VALUES ('South Korea', '5.984', '5.835', '5.838');
INSERT INTO `score` VALUES ('Ecuador', '5.975', '5.976', '6.008');
INSERT INTO `score` VALUES ('Bahrain', '5.960', '6.218', '6.087');
INSERT INTO `score` VALUES ('Italy', '5.948', '5.977', '5.964');
INSERT INTO `score` VALUES ('Bolivia', '5.890', '5.822', '5.823');
INSERT INTO `score` VALUES ('Moldova', '5.889', '5.897', '5.838');
INSERT INTO `score` VALUES ('Paraguay', '5.878', '5.538', '5.493');
INSERT INTO `score` VALUES ('Kazakhstan', '5.855', '5.919', '5.819');
INSERT INTO `score` VALUES ('Slovenia', '5.848', '5.768', '5.758');
INSERT INTO `score` VALUES ('Lithuania', '5.833', '5.813', '5.902');
INSERT INTO `score` VALUES ('Nicaragua', '5.828', '5.992', '6.071');
INSERT INTO `score` VALUES ('Peru', '5.824', '5.743', '5.715');
INSERT INTO `score` VALUES ('Belarus', '5.813', '5.802', '5.569');
INSERT INTO `score` VALUES ('Poland', '5.791', '5.835', '5.973');
INSERT INTO `score` VALUES ('Malaysia', '5.770', '6.005', '6.084');
INSERT INTO `score` VALUES ('Croatia', '5.759', '5.488', '5.293');
INSERT INTO `score` VALUES ('Libya', '5.754', '5.615', '5.525');
INSERT INTO `score` VALUES ('Russia', '5.716', '5.856', '5.963');
INSERT INTO `score` VALUES ('Jamaica', '5.709', '5.510', '5.311');
INSERT INTO `score` VALUES ('North Cyprus', '5.695', '5.771', '5.810');
INSERT INTO `score` VALUES ('Cyprus', '5.689', '5.546', '5.621');
INSERT INTO `score` VALUES ('Algeria', '5.605', '6.355', '5.872');
INSERT INTO `score` VALUES ('Kosovo', '5.589', '5.401', '5.279');
INSERT INTO `score` VALUES ('Turkmenistan', '5.548', '5.658', '5.822');
INSERT INTO `score` VALUES ('Mauritius', '5.477', '5.648', '5.629');
INSERT INTO `score` VALUES ('Hong Kong', '5.474', '5.458', '5.472');
INSERT INTO `score` VALUES ('Estonia', '5.429', '5.517', '5.611');
INSERT INTO `score` VALUES ('Indonesia', '5.399', '5.314', '5.262');
INSERT INTO `score` VALUES ('Vietnam', '5.360', '5.061', '5.074');
INSERT INTO `score` VALUES ('Turkey', '5.332', '5.389', '5.500');
INSERT INTO `score` VALUES ('Kyrgyzstan', '5.286', '5.185', '5.004');
INSERT INTO `score` VALUES ('Nigeria', '5.268', '4.875', '5.074');
INSERT INTO `score` VALUES ('Bhutan', '5.253', '5.196', '5.011');
INSERT INTO `score` VALUES ('Azerbaijan', '5.212', '5.291', '5.234');
INSERT INTO `score` VALUES ('Pakistan', '5.194', '5.132', '5.269');
INSERT INTO `score` VALUES ('Jordan', '5.192', '5.303', '5.336');
INSERT INTO `score` VALUES ('Montenegro', '5.192', '5.161', '5.237');
INSERT INTO `score` VALUES ('China', '5.140', '5.245', '5.273');
INSERT INTO `score` VALUES ('Zambia', '5.129', '4.795', '4.514');
INSERT INTO `score` VALUES ('Romania', '5.124', '5.528', '5.825');
INSERT INTO `score` VALUES ('Serbia', '5.123', '5.177', '5.395');
INSERT INTO `score` VALUES ('Portugal', '5.102', '5.123', '5.195');
INSERT INTO `score` VALUES ('Latvia', '5.098', '5.560', '5.850');
INSERT INTO `score` VALUES ('Philippines', '5.073', '5.279', '5.430');
INSERT INTO `score` VALUES ('Somaliland region', '5.057', '5.057', null);
INSERT INTO `score` VALUES ('Morocco', '5.013', '5.151', '5.235');
INSERT INTO `score` VALUES ('Macedonia', '5.007', '5.121', '5.175');
INSERT INTO `score` VALUES ('Mozambique', '4.971', null, '4.550');
INSERT INTO `score` VALUES ('Albania', '4.959', '4.655', '4.644');
INSERT INTO `score` VALUES ('Bosnia and Herzegovina', '4.949', '5.163', '5.182');
INSERT INTO `score` VALUES ('Lesotho', '4.898', null, '3.808');
INSERT INTO `score` VALUES ('Dominican Republic', '4.885', '5.155', '5.230');
INSERT INTO `score` VALUES ('Laos', '4.876', '4.876', null);
INSERT INTO `score` VALUES ('Mongolia', '4.874', '4.907', '4.955');
INSERT INTO `score` VALUES ('Swaziland', '4.867', null, null);
INSERT INTO `score` VALUES ('Greece', '4.857', '5.033', '5.227');
INSERT INTO `score` VALUES ('Lebanon', '4.839', '5.129', '5.225');
INSERT INTO `score` VALUES ('Hungary', '4.800', '5.145', '5.324');
INSERT INTO `score` VALUES ('Honduras', '4.788', '4.871', '5.181');
INSERT INTO `score` VALUES ('Tajikistan', '4.786', '4.996', '5.041');
INSERT INTO `score` VALUES ('Tunisia', '4.739', '5.045', '4.805');
INSERT INTO `score` VALUES ('Palestinian Territories', '4.715', '4.754', '4.775');
INSERT INTO `score` VALUES ('Bangladesh', '4.694', '4.643', '4.608');
INSERT INTO `score` VALUES ('Iran', '4.686', '4.813', '4.692');
INSERT INTO `score` VALUES ('Ukraine', '4.681', '4.324', '4.096');
INSERT INTO `score` VALUES ('Iraq', '4.677', '4.575', '4.497');
INSERT INTO `score` VALUES ('South Africa', '4.642', '4.459', '4.829');
INSERT INTO `score` VALUES ('Ghana', '4.633', '4.276', '4.120');
INSERT INTO `score` VALUES ('Zimbabwe', '4.610', '4.193', '3.875');
INSERT INTO `score` VALUES ('Liberia', '4.571', '3.622', '3.533');
INSERT INTO `score` VALUES ('India', '4.565', '4.404', '4.315');
INSERT INTO `score` VALUES ('Sudan', '4.550', '4.139', '4.139');
INSERT INTO `score` VALUES ('Haiti', '4.518', '4.028', '3.603');
INSERT INTO `score` VALUES ('Congo (Kinshasa)', '4.517', '4.272', '4.280');
INSERT INTO `score` VALUES ('Nepal', '4.514', '4.793', '4.962');
INSERT INTO `score` VALUES ('Ethiopia', '4.512', '4.508', '4.460');
INSERT INTO `score` VALUES ('Sierra Leone', '4.507', '4.635', '4.709');
INSERT INTO `score` VALUES ('Mauritania', '4.436', '4.201', '4.292');
INSERT INTO `score` VALUES ('Kenya', '4.419', '4.356', '4.553');
INSERT INTO `score` VALUES ('Djibouti', '4.369', null, null);
INSERT INTO `score` VALUES ('Armenia', '4.350', '4.360', '4.376');
INSERT INTO `score` VALUES ('Botswana', '4.332', '3.974', '3.766');
INSERT INTO `score` VALUES ('Myanmar', '4.307', '4.395', '4.545');
INSERT INTO `score` VALUES ('Georgia', '4.297', '4.252', '4.286');
INSERT INTO `score` VALUES ('Malawi', '4.292', '4.156', '3.970');
INSERT INTO `score` VALUES ('Sri Lanka', '4.271', '4.415', '4.440');
INSERT INTO `score` VALUES ('Cameroon', '4.252', '4.513', '4.695');
INSERT INTO `score` VALUES ('Bulgaria', '4.218', '4.217', '4.714');
INSERT INTO `score` VALUES ('Egypt', '4.194', '4.362', '4.735');
INSERT INTO `score` VALUES ('Yemen', '4.077', '3.724', '3.593');
INSERT INTO `score` VALUES ('Angola', '4.033', '3.866', '3.795');
INSERT INTO `score` VALUES ('Mali', '3.995', '4.073', '4.190');
INSERT INTO `score` VALUES ('Congo (Brazzaville)', '3.989', '4.236', '4.291');
INSERT INTO `score` VALUES ('Comoros', '3.956', '3.956', null);
INSERT INTO `score` VALUES ('Uganda', '3.931', '3.739', '4.081');
INSERT INTO `score` VALUES ('Senegal', '3.904', '4.219', '4.535');
INSERT INTO `score` VALUES ('Gabon', '3.896', '4.121', '4.465');
INSERT INTO `score` VALUES ('Niger', '3.845', '3.856', '4.028');
INSERT INTO `score` VALUES ('Cambodia', '3.819', '3.907', '4.168');
INSERT INTO `score` VALUES ('Tanzania', '3.781', '3.666', '3.349');
INSERT INTO `score` VALUES ('Madagascar', '3.681', '3.695', '3.644');
INSERT INTO `score` VALUES ('Central African Republic', '3.678', null, '2.693');
INSERT INTO `score` VALUES ('Chad', '3.667', '3.763', '3.936');
INSERT INTO `score` VALUES ('Guinea', '3.656', '3.607', '3.507');
INSERT INTO `score` VALUES ('Ivory Coast', '3.655', '3.916', '4.180');
INSERT INTO `score` VALUES ('Burkina Faso', '3.587', '3.739', '4.032');
INSERT INTO `score` VALUES ('Afghanistan', '3.575', '3.360', '3.794');
INSERT INTO `score` VALUES ('Rwanda', '3.465', '3.515', '3.471');
INSERT INTO `score` VALUES ('Benin', '3.340', '3.484', '3.657');
INSERT INTO `score` VALUES ('Syria', '3.006', '3.069', '3.462');
INSERT INTO `score` VALUES ('Burundi', '2.905', '2.905', '2.905');
INSERT INTO `score` VALUES ('Togo', '2.839', '3.303', '3.495');
INSERT INTO `score` VALUES ('Belize', null, '5.956', '5.956');
INSERT INTO `score` VALUES ('Namibia', null, '4.574', '4.574');
INSERT INTO `score` VALUES ('Puerto Rico', null, '7.039', null);
INSERT INTO `score` VALUES ('Somalia', null, '5.440', '5.151');
INSERT INTO `score` VALUES ('South Sudan', null, '3.832', '3.591');
INSERT INTO `score` VALUES ('Switzerland', '1.000', '2.000', '4.000');
INSERT INTO `score` VALUES ('Iceland', '2.000', '3.000', '3.000');
INSERT INTO `score` VALUES ('Denmark', '3.000', '1.000', '2.000');
INSERT INTO `score` VALUES ('Norway', '4.000', '4.000', '1.000');
INSERT INTO `score` VALUES ('Canada', '5.000', '6.000', '7.000');
INSERT INTO `score` VALUES ('Finland', '6.000', '5.000', '5.000');
INSERT INTO `score` VALUES ('Netherlands', '7.000', '7.000', '6.000');
INSERT INTO `score` VALUES ('Sweden', '8.000', '10.000', '9.000');
INSERT INTO `score` VALUES ('New Zealand', '9.000', '8.000', '8.000');
INSERT INTO `score` VALUES ('Australia', '10.000', '9.000', '9.000');
INSERT INTO `score` VALUES ('Israel', '11.000', '11.000', '11.000');
INSERT INTO `score` VALUES ('Costa Rica', '12.000', '14.000', '12.000');
INSERT INTO `score` VALUES ('Austria', '13.000', '12.000', '13.000');
INSERT INTO `score` VALUES ('Mexico', '14.000', '21.000', '25.000');
INSERT INTO `score` VALUES ('United States', '15.000', '13.000', '14.000');
INSERT INTO `score` VALUES ('Brazil', '16.000', '17.000', '22.000');
INSERT INTO `score` VALUES ('Luxembourg', '17.000', '20.000', '18.000');
INSERT INTO `score` VALUES ('Ireland', '18.000', '19.000', '15.000');
INSERT INTO `score` VALUES ('Belgium', '19.000', '18.000', '17.000');
INSERT INTO `score` VALUES ('United Arab Emirates', '20.000', '28.000', '21.000');
INSERT INTO `score` VALUES ('United Kingdom', '21.000', '23.000', '19.000');
INSERT INTO `score` VALUES ('Oman', '22.000', null, null);
INSERT INTO `score` VALUES ('Venezuela', '23.000', '44.000', '82.000');
INSERT INTO `score` VALUES ('Singapore', '24.000', '22.000', '26.000');
INSERT INTO `score` VALUES ('Panama', '25.000', '25.000', '30.000');
INSERT INTO `score` VALUES ('Germany', '26.000', '16.000', '16.000');
INSERT INTO `score` VALUES ('Chile', '27.000', '24.000', '20.000');
INSERT INTO `score` VALUES ('Qatar', '28.000', '36.000', '35.000');
INSERT INTO `score` VALUES ('France', '29.000', '32.000', '31.000');
INSERT INTO `score` VALUES ('Argentina', '30.000', '26.000', '24.000');
INSERT INTO `score` VALUES ('Czech Republic', '31.000', '27.000', '23.000');
INSERT INTO `score` VALUES ('Uruguay', '32.000', '29.000', '28.000');
INSERT INTO `score` VALUES ('Colombia', '33.000', '31.000', '36.000');
INSERT INTO `score` VALUES ('Thailand', '34.000', '33.000', '32.000');
INSERT INTO `score` VALUES ('Saudi Arabia', '35.000', '34.000', '37.000');
INSERT INTO `score` VALUES ('Spain', '36.000', '37.000', '34.000');
INSERT INTO `score` VALUES ('Malta', '37.000', '30.000', '27.000');
INSERT INTO `score` VALUES ('Taiwan', '38.000', '34.000', '33.000');
INSERT INTO `score` VALUES ('Kuwait', '39.000', '41.000', '39.000');
INSERT INTO `score` VALUES ('Suriname', '40.000', '40.000', null);
INSERT INTO `score` VALUES ('Trinidad and Tobago', '41.000', '43.000', '38.000');
INSERT INTO `score` VALUES ('El Salvador', '42.000', '46.000', '45.000');
INSERT INTO `score` VALUES ('Guatemala', '43.000', '39.000', '28.000');
INSERT INTO `score` VALUES ('Uzbekistan', '44.000', '49.000', '47.000');
INSERT INTO `score` VALUES ('Slovakia', '45.000', '45.000', '40.000');
INSERT INTO `score` VALUES ('Japan', '46.000', '53.000', '51.000');
INSERT INTO `score` VALUES ('South Korea', '47.000', '57.000', '55.000');
INSERT INTO `score` VALUES ('Ecuador', '48.000', '51.000', '44.000');
INSERT INTO `score` VALUES ('Bahrain', '49.000', '42.000', '41.000');
INSERT INTO `score` VALUES ('Italy', '50.000', '50.000', '48.000');
INSERT INTO `score` VALUES ('Bolivia', '51.000', '59.000', '58.000');
INSERT INTO `score` VALUES ('Moldova', '52.000', '55.000', '55.000');
INSERT INTO `score` VALUES ('Paraguay', '53.000', '70.000', '70.000');
INSERT INTO `score` VALUES ('Kazakhstan', '54.000', '54.000', '60.000');
INSERT INTO `score` VALUES ('Slovenia', '55.000', '63.000', '62.000');
INSERT INTO `score` VALUES ('Lithuania', '56.000', '60.000', '52.000');
INSERT INTO `score` VALUES ('Nicaragua', '57.000', '48.000', '43.000');
INSERT INTO `score` VALUES ('Peru', '58.000', '64.000', '63.000');
INSERT INTO `score` VALUES ('Belarus', '59.000', '61.000', '67.000');
INSERT INTO `score` VALUES ('Poland', '60.000', '57.000', '46.000');
INSERT INTO `score` VALUES ('Malaysia', '61.000', '47.000', '42.000');
INSERT INTO `score` VALUES ('Croatia', '62.000', '74.000', '77.000');
INSERT INTO `score` VALUES ('Libya', '63.000', '67.000', '68.000');
INSERT INTO `score` VALUES ('Russia', '64.000', '56.000', '49.000');
INSERT INTO `score` VALUES ('Jamaica', '65.000', '73.000', '76.000');
INSERT INTO `score` VALUES ('North Cyprus', '66.000', '62.000', '61.000');
INSERT INTO `score` VALUES ('Cyprus', '67.000', '69.000', '65.000');
INSERT INTO `score` VALUES ('Algeria', '68.000', '38.000', '53.000');
INSERT INTO `score` VALUES ('Kosovo', '69.000', '77.000', '78.000');
INSERT INTO `score` VALUES ('Turkmenistan', '70.000', '65.000', '59.000');
INSERT INTO `score` VALUES ('Mauritius', '71.000', '66.000', '64.000');
INSERT INTO `score` VALUES ('Hong Kong', '72.000', '75.000', '71.000');
INSERT INTO `score` VALUES ('Estonia', '73.000', '72.000', '66.000');
INSERT INTO `score` VALUES ('Indonesia', '74.000', '79.000', '81.000');
INSERT INTO `score` VALUES ('Vietnam', '75.000', '96.000', '94.000');
INSERT INTO `score` VALUES ('Turkey', '76.000', '78.000', '69.000');
INSERT INTO `score` VALUES ('Kyrgyzstan', '77.000', '85.000', '98.000');
INSERT INTO `score` VALUES ('Nigeria', '78.000', '103.000', '94.000');
INSERT INTO `score` VALUES ('Bhutan', '79.000', '84.000', '97.000');
INSERT INTO `score` VALUES ('Azerbaijan', '80.000', '81.000', '85.000');
INSERT INTO `score` VALUES ('Pakistan', '81.000', '92.000', '80.000');
INSERT INTO `score` VALUES ('Jordan', '82.000', '80.000', '74.000');
INSERT INTO `score` VALUES ('Montenegro', '82.000', '88.000', '83.000');
INSERT INTO `score` VALUES ('China', '84.000', '83.000', '79.000');
INSERT INTO `score` VALUES ('Zambia', '85.000', '106.000', '116.000');
INSERT INTO `score` VALUES ('Romania', '86.000', '71.000', '57.000');
INSERT INTO `score` VALUES ('Serbia', '87.000', '86.000', '73.000');
INSERT INTO `score` VALUES ('Portugal', '88.000', '94.000', '89.000');
INSERT INTO `score` VALUES ('Latvia', '89.000', '68.000', '54.000');
INSERT INTO `score` VALUES ('Philippines', '90.000', '82.000', '72.000');
INSERT INTO `score` VALUES ('Somaliland region', '91.000', '97.000', null);
INSERT INTO `score` VALUES ('Morocco', '92.000', '90.000', '84.000');
INSERT INTO `score` VALUES ('Macedonia', '93.000', '95.000', '92.000');
INSERT INTO `score` VALUES ('Mozambique', '94.000', null, '113.000');
INSERT INTO `score` VALUES ('Albania', '95.000', '109.000', '109.000');
INSERT INTO `score` VALUES ('Bosnia and Herzegovina', '96.000', '87.000', '90.000');
INSERT INTO `score` VALUES ('Lesotho', '97.000', null, '139.000');
INSERT INTO `score` VALUES ('Dominican Republic', '98.000', '89.000', '86.000');
INSERT INTO `score` VALUES ('Laos', '99.000', '102.000', null);
INSERT INTO `score` VALUES ('Mongolia', '100.000', '101.000', '100.000');
INSERT INTO `score` VALUES ('Swaziland', '101.000', null, null);
INSERT INTO `score` VALUES ('Greece', '102.000', '99.000', '87.000');
INSERT INTO `score` VALUES ('Lebanon', '103.000', '93.000', '88.000');
INSERT INTO `score` VALUES ('Hungary', '104.000', '91.000', '75.000');
INSERT INTO `score` VALUES ('Honduras', '105.000', '104.000', '91.000');
INSERT INTO `score` VALUES ('Tajikistan', '106.000', '100.000', '96.000');
INSERT INTO `score` VALUES ('Tunisia', '107.000', '98.000', '102.000');
INSERT INTO `score` VALUES ('Palestinian Territories', '108.000', '108.000', '103.000');
INSERT INTO `score` VALUES ('Bangladesh', '109.000', '110.000', '110.000');
INSERT INTO `score` VALUES ('Iran', '110.000', '105.000', '108.000');
INSERT INTO `score` VALUES ('Ukraine', '111.000', '123.000', '132.000');
INSERT INTO `score` VALUES ('Iraq', '112.000', '112.000', '117.000');
INSERT INTO `score` VALUES ('South Africa', '113.000', '116.000', '101.000');
INSERT INTO `score` VALUES ('Ghana', '114.000', '124.000', '131.000');
INSERT INTO `score` VALUES ('Zimbabwe', '115.000', '131.000', '138.000');
INSERT INTO `score` VALUES ('Liberia', '116.000', '150.000', '148.000');
INSERT INTO `score` VALUES ('India', '117.000', '118.000', '122.000');
INSERT INTO `score` VALUES ('Sudan', '118.000', '133.000', '130.000');
INSERT INTO `score` VALUES ('Haiti', '119.000', '136.000', '145.000');
INSERT INTO `score` VALUES ('Congo (Kinshasa)', '120.000', '125.000', '126.000');
INSERT INTO `score` VALUES ('Nepal', '121.000', '107.000', '99.000');
INSERT INTO `score` VALUES ('Ethiopia', '122.000', '115.000', '119.000');
INSERT INTO `score` VALUES ('Sierra Leone', '123.000', '111.000', '106.000');
INSERT INTO `score` VALUES ('Mauritania', '124.000', '130.000', '123.000');
INSERT INTO `score` VALUES ('Kenya', '125.000', '122.000', '112.000');
INSERT INTO `score` VALUES ('Djibouti', '126.000', null, null);
INSERT INTO `score` VALUES ('Armenia', '127.000', '121.000', '121.000');
INSERT INTO `score` VALUES ('Botswana', '128.000', '137.000', '142.000');
INSERT INTO `score` VALUES ('Myanmar', '129.000', '119.000', '114.000');
INSERT INTO `score` VALUES ('Georgia', '130.000', '126.000', '125.000');
INSERT INTO `score` VALUES ('Malawi', '131.000', '132.000', '136.000');
INSERT INTO `score` VALUES ('Sri Lanka', '132.000', '117.000', '120.000');
INSERT INTO `score` VALUES ('Cameroon', '133.000', '114.000', '107.000');
INSERT INTO `score` VALUES ('Bulgaria', '134.000', '129.000', '105.000');
INSERT INTO `score` VALUES ('Egypt', '135.000', '120.000', '104.000');
INSERT INTO `score` VALUES ('Yemen', '136.000', '147.000', '146.000');
INSERT INTO `score` VALUES ('Angola', '137.000', '141.000', '140.000');
INSERT INTO `score` VALUES ('Mali', '138.000', '135.000', '127.000');
INSERT INTO `score` VALUES ('Congo (Brazzaville)', '139.000', '127.000', '124.000');
INSERT INTO `score` VALUES ('Comoros', '140.000', '138.000', null);
INSERT INTO `score` VALUES ('Uganda', '141.000', '145.000', '133.000');
INSERT INTO `score` VALUES ('Senegal', '142.000', '128.000', '115.000');
INSERT INTO `score` VALUES ('Gabon', '143.000', '134.000', '118.000');
INSERT INTO `score` VALUES ('Niger', '144.000', '142.000', '135.000');
INSERT INTO `score` VALUES ('Cambodia', '145.000', '140.000', '129.000');
INSERT INTO `score` VALUES ('Tanzania', '146.000', '149.000', '153.000');
INSERT INTO `score` VALUES ('Madagascar', '147.000', '148.000', '144.000');
INSERT INTO `score` VALUES ('Central African Republic', '148.000', null, '155.000');
INSERT INTO `score` VALUES ('Chad', '149.000', '144.000', '137.000');
INSERT INTO `score` VALUES ('Guinea', '150.000', '151.000', '149.000');
INSERT INTO `score` VALUES ('Ivory Coast', '151.000', '139.000', '128.000');
INSERT INTO `score` VALUES ('Burkina Faso', '152.000', '145.000', '134.000');
INSERT INTO `score` VALUES ('Afghanistan', '153.000', '154.000', '141.000');
INSERT INTO `score` VALUES ('Rwanda', '154.000', '152.000', '151.000');
INSERT INTO `score` VALUES ('Benin', '155.000', '153.000', '143.000');
INSERT INTO `score` VALUES ('Syria', '156.000', '156.000', '152.000');
INSERT INTO `score` VALUES ('Burundi', '157.000', '157.000', '154.000');
INSERT INTO `score` VALUES ('Togo', '158.000', '155.000', '150.000');
INSERT INTO `score` VALUES ('Belize', null, '52.000', '50.000');
INSERT INTO `score` VALUES ('Namibia', null, '113.000', '111.000');
INSERT INTO `score` VALUES ('Puerto Rico', null, '15.000', null);
INSERT INTO `score` VALUES ('Somalia', null, '76.000', '93.000');
INSERT INTO `score` VALUES ('South Sudan', null, '143.000', '147.000');
